{
  "model_type": "rasr_pairuav_protocol_specific_calibration",
  "source_candidate": "gate_boundary_head0_bounds_0129",
  "trial_id": "dist_21f3d763f2811cd8",
  "method_contract": "per-pair RASR scale-recovery core plus protocol-specific calibration module; no test-set graph optimization, hidden-neighbor revision, global assignment, clustering, or cross-sample bookkeeping",
  "head_names": [
    "distance_head_a",
    "distance_head_b",
    "distance_head_c",
    "distance_head_d"
  ],
  "mode": "bucket_sign_stdseg_snap",
  "stacker_candidate": {
    "name": "v36_fast_weight_guard_stacker",
    "gate": "head0",
    "boundaries": [
      5.596117113284452,
      14.189340747346009,
      33.73144867309181,
      53.75,
      77.38132781381124,
      114.79
    ],
    "weights": [
      [
        9.99999998e-10,
        9.99999998e-10,
        0.01621350804656305,
        0.983786489953437
      ],
      [
        0.9999999970000001,
        1.0000000000000005e-09,
        1.0000000000000005e-09,
        1.0000000000000005e-09
      ],
      [
        0.9704080344367512,
        0.021205094906280423,
        0.008386869656968264,
        9.99999999e-10
      ],
      [
        1.3520601031350951e-06,
        0.020388086957095132,
        9.999999990071116e-10,
        0.9796105599828017
      ],
      [
        0.1617757439971642,
        9.99999999e-10,
        0.805029873918611,
        0.03319438108422476
      ],
      [
        0.017063620905467147,
        0.08778565258601366,
        9.99999999e-10,
        0.895150725508519
      ],
      [
        9.999999980000002e-10,
        9.999999980000002e-10,
        0.9256581039899807,
        0.07434189401001932
      ]
    ]
  },
  "params": {
    "0": {
      "pos": {
        "scale": 0.945,
        "bias": -0.9000000000000044,
        "step": 2.5
      },
      "neg": {
        "scale": 0.992,
        "bias": -0.475,
        "step": 2.5
      }
    },
    "1": {
      "pos": {
        "scale": 0.995,
        "bias": -0.25,
        "step": 2.5
      },
      "neg": {
        "scale": 0.992,
        "bias": -0.475,
        "step": 2.5
      }
    },
    "2": {
      "pos": {
        "scale": 1.01,
        "bias": -0.7000000000000028,
        "step": 2.5
      },
      "neg": {
        "scale": 0.98,
        "bias": -1.000000000000008,
        "step": 2.5
      }
    },
    "3": {
      "pos": {
        "scale": 0.97,
        "bias": 0.9500000000000022,
        "step": 2.5
      },
      "neg": {
        "scale": 0.972,
        "bias": -0.45000000000000373,
        "step": 2.5
      }
    },
    "4": {
      "pos": {
        "scale": 1.019,
        "bias": -1.6750000000000003,
        "step": 2.5
      },
      "neg": {
        "scale": 0.949,
        "bias": -3.0000000000000036,
        "step": 2.5
      }
    },
    "5": {
      "pos": {
        "scale": 0.991,
        "bias": -0.8,
        "step": 2.5
      },
      "neg": {
        "scale": 0.952,
        "bias": -3.250000000000001,
        "step": 2.5
      }
    },
    "6": {
      "pos": {
        "scale": 0.995,
        "bias": -0.25,
        "step": 2.5
      },
      "neg": {
        "scale": 1.004,
        "bias": 0.4000000000000017,
        "step": 2.5
      }
    }
  },
  "segment_params": {
    "0_pos": {
      "std_cuts": [
        0.027764443988757444,
        0.04006373236416582
      ],
      "params": [
        {
          "scale": 0.945,
          "bias": -0.9000000000000044,
          "step": 2.5
        },
        {
          "scale": 0.945,
          "bias": -0.9000000000000044,
          "step": 2.5
        },
        {
          "scale": 0.945,
          "bias": -0.9000000000000044,
          "step": 2.5
        }
      ]
    },
    "0_neg": {
      "std_cuts": [
        0.02326164697771265,
        0.045254582650390084
      ],
      "params": [
        {
          "scale": 0.992,
          "bias": -0.475,
          "step": 2.5
        },
        {
          "scale": 0.992,
          "bias": -0.475,
          "step": 2.5
        },
        {
          "scale": 0.981,
          "bias": -0.10000000000000453,
          "step": 2.5
        }
      ]
    },
    "1_pos": {
      "std_cuts": [
        0.044448539853353675,
        0.1118660399440734
      ],
      "params": [
        {
          "scale": 0.977,
          "bias": -0.7500000000000013,
          "step": 2.5
        },
        {
          "scale": 0.995,
          "bias": -0.25,
          "step": 2.5
        },
        {
          "scale": 0.977,
          "bias": 0.4999999999999942,
          "step": 2.5
        }
      ]
    },
    "1_neg": {
      "std_cuts": [
        0.029926538211448656,
        0.053660316104150806
      ],
      "params": [
        {
          "scale": 0.992,
          "bias": -0.475,
          "step": 2.5
        },
        {
          "scale": 0.992,
          "bias": -0.475,
          "step": 2.5
        },
        {
          "scale": 0.992,
          "bias": -0.475,
          "step": 2.5
        }
      ]
    },
    "2_pos": {
      "std_cuts": [
        0.07300949066510684,
        0.10303907245573848
      ],
      "params": [
        {
          "scale": 1.01,
          "bias": -0.7000000000000028,
          "step": 2.5
        },
        {
          "scale": 1.01,
          "bias": -0.7000000000000028,
          "step": 2.5
        },
        {
          "scale": 1.01,
          "bias": -0.700000000000006,
          "step": 2.5
        }
      ]
    },
    "2_neg": {
      "std_cuts": [
        0.06974136640812263,
        0.0891231615996797
      ],
      "params": [
        {
          "scale": 0.98,
          "bias": -1.000000000000008,
          "step": 2.5
        },
        {
          "scale": 0.98,
          "bias": -1.000000000000008,
          "step": 2.5
        },
        {
          "scale": 0.98,
          "bias": -1.000000000000008,
          "step": 2.5
        }
      ]
    },
    "3_pos": {
      "std_cuts": [
        0.17035847552504113,
        0.18945296258088742
      ],
      "params": [
        {
          "scale": 0.97,
          "bias": 0.9500000000000022,
          "step": 2.5
        },
        {
          "scale": 0.97,
          "bias": 0.9500000000000022,
          "step": 2.5
        },
        {
          "scale": 0.958,
          "bias": 1.050000000000002,
          "step": 2.5
        }
      ]
    },
    "3_neg": {
      "std_cuts": [
        0.10289712903768278,
        0.12718427858718262
      ],
      "params": [
        {
          "scale": 0.972,
          "bias": -0.45000000000000373,
          "step": 2.5
        },
        {
          "scale": 0.972,
          "bias": -0.45000000000000373,
          "step": 2.5
        },
        {
          "scale": 0.972,
          "bias": -0.45000000000000373,
          "step": 2.5
        }
      ]
    },
    "4_pos": {
      "std_cuts": [
        0.14753836651740396,
        0.4138290133496193
      ],
      "params": [
        {
          "scale": 1.019,
          "bias": -1.6750000000000003,
          "step": 2.5
        },
        {
          "scale": 1.0079999999999991,
          "bias": -0.7750000000000066,
          "step": 2.5
        },
        {
          "scale": 1.019,
          "bias": -1.6750000000000003,
          "step": 2.5
        }
      ]
    },
    "4_neg": {
      "std_cuts": [
        0.1655429793247631,
        0.26655526882868696
      ],
      "params": [
        {
          "scale": 0.949,
          "bias": -3.0000000000000036,
          "step": 2.5
        },
        {
          "scale": 0.938,
          "bias": -3.8750000000000036,
          "step": 2.5
        },
        {
          "scale": 0.949,
          "bias": -3.0000000000000036,
          "step": 2.5
        }
      ]
    },
    "5_pos": {
      "std_cuts": [
        0.47220096081289453,
        0.5810074852804122
      ],
      "params": [
        {
          "scale": 0.986,
          "bias": 0.09999999999999343,