{
  "model_type": "convex_per_bucket_linear",
  "head_names": [
    "distance_head_a",
    "distance_head_b",
    "distance_head_c",
    "distance_head_d"
  ],
  "boundaries_meters": [
    5.0,
    15.0,
    30.0,
    60.0,
    100.0,
    132.0
  ],
  "weights": [
    [
      0.0,
      0.0,
      0.0011504360490628526,
      0.9988495639509372
    ],
    [
      0.10731981080455837,
      0.14766418402654574,
      0.23643840876480937,
      0.5085775964040866
    ],
    [
      0.23831801670170066,
      0.16660913497524307,
      0.46381155383442074,
      0.13126129448863555
    ],
    [
      0.3618323211359986,
      0.19647208298722108,
      0.19770955603492957,
      0.2439860398418506
    ],
    [
      0.13452414282168298,
      0.10512297120361157,
      0.6806012817116492,
      0.07975160426305627
    ],
    [
      0.13219915702698154,
      0.12859402627198777,
      0.724660988624541,
      0.014545828076489723
    ],
    [
      0.056607501583004136,
      0.02407746610182612,
      0.9193150323151696,
      0.0
    ]
  ]
}
